"","Overall"
"Com_20510_pos",100
"Com_8416_pos",99.995
"Com_13231_pos",99.724
"Com_316_pos",98.306
"Com_19580_pos",97.338
"Com_15007_pos",96.741
"Com_6471_pos",96.524
"Com_12192_pos",96.415
"Com_7390_pos",96.371
"Com_1320_pos",95.962
"Com_635_pos",95.656
"Com_19929_pos",95.447
"Com_21525_pos",94.207
"Com_1513_pos",94.061
"Com_16736_pos",93.844
"Com_675_pos",93.509
"Com_535_pos",93.064
"Com_1848_pos",93.059
"Com_7406_pos",91.748
"Com_1425_pos",91.017
"Com_1708_pos",90.91
"Com_18485_pos",90.83
"Com_18889_pos",90.325
"Com_14770_pos",88.728
"Com_2928_pos",88.582
"Com_8541_pos",88.188
"Com_3296_pos",87.96
"Com_7045_pos",86.826
"Com_5453_pos",86.813
"Com_24113_pos",85.993
"Com_22090_pos",85.887
"Com_19667_pos",85.655
"Com_2217_pos",85.169
"Com_7048_pos",85.129
"Com_19643_pos",85.087
"Com_12279_pos",84.476
"Com_9704_pos",84.447
"Com_12011_pos",84.199
"Com_18807_pos",83.761
"Com_6332_pos",83.469
"Com_3041_pos",82.973
"Com_3252_pos",82.448
"Com_6910_pos",81.82
"Com_6958_pos",81.753
"Com_85_pos",81.128
"Com_2186_pos",81.014
"Com_2433_pos",80.698
"Com_6461_pos",80.579
"Com_4995_pos",80.071
"Com_3586_pos",79.585
"Com_12118_pos",79.165
"Com_12321_pos",79.008
"Com_17666_pos",78.716
"Com_2440_pos",78.61
"Com_6888_pos",78.533
"Com_11378_pos",78.391
"Com_6487_pos",78.298
"Com_18682_pos",78.031
"Com_9266_pos",77.908
"Com_18009_pos",77.86
"Com_11495_pos",77.819
"Com_5543_pos",77.754
"Com_18498_pos",77.456
"Com_2479_pos",77.284
"Com_2242_pos",77.239
"Com_20421_pos",77.14
"Com_15666_pos",77.039
"Com_2862_pos",76.814
"Com_14162_pos",76.8
"Com_16807_pos",76.546
"Com_5769_pos",76.463
"Com_1045_pos",76.337
"Com_23961_pos",76.279
"Com_10167_pos",76.081
"Com_1681_pos",75.97
"Com_23430_pos",75.9
"Com_8882_pos",75.763
"Com_3029_pos",75.758
"Com_1423_pos",75.757
"Com_9204_pos",75.706
"Com_1149_pos",75.674
"Com_12381_pos",75.618
"Com_20393_pos",75.439
"Com_2691_pos",75.265
"Com_5087_pos",75.155
"Com_5338_pos",75.024
"Com_10853_pos",74.934
"Com_9243_pos",74.662
"Com_2563_pos",74.607
"Com_23703_pos",74.369
"Com_13645_pos",74.33
"Com_3510_pos",74.132
"Com_22209_pos",74.093
"Com_13129_pos",74.039
"Com_7496_pos",74.02
"Com_4865_pos",73.786
"Com_19621_pos",73.515
"Com_21994_pos",73.432
"Com_12658_pos",73.231
"Com_20293_pos",73.007
"Com_24175_pos",72.872
"Com_3035_pos",72.73
"Com_4858_pos",72.726
"Com_24465_pos",72.715
"Com_19692_pos",72.708
"Com_1534_pos",72.686
"Com_10667_pos",72.602
"Com_14992_pos",72.444
"Com_5222_pos",72.065
"Com_8869_pos",72.045
"Com_5209_pos",72.039
"Com_16925_pos",71.667
"Com_8983_pos",71.629
"Com_3630_pos",71.625
"Com_23577_pos",71.613
"Com_23732_pos",71.611
"Com_23087_pos",71.566
"Com_24116_pos",71.312
"Com_1030_pos",71.181
"Com_18568_pos",71.057
"Com_9469_pos",70.842
"Com_7838_pos",70.724
"Com_1518_pos",70.68
"Com_6932_pos",70.672
"Com_3139_pos",70.356
"Com_2360_pos",70.263
"Com_7396_pos",70.245
"Com_17155_pos",70.158
"Com_9801_pos",70.014
"Com_1283_pos",69.987
"Com_3441_pos",69.902
"Com_5246_pos",69.804
"Com_22030_pos",69.696
"Com_7483_pos",69.674
"Com_7140_pos",69.655
"Com_10501_pos",69.634
"Com_4802_pos",69.458
"Com_4475_pos",69.428
"Com_3462_pos",69.193
"Com_21352_pos",69.102
"Com_13482_pos",69.057
"Com_14471_pos",68.644
"Com_15933_pos",68.498
"Com_11206_pos",68.413
"Com_18863_pos",68.394
"Com_5456_pos",68.286
"Com_16975_pos",68.279
"Com_10386_pos",68.227
"Com_16729_pos",68.151
"Com_4648_pos",68.076
"Com_7581_pos",68.068
"Com_18306_pos",68.032
"Com_14685_pos",68.03
"Com_16589_pos",67.734
"Com_12726_pos",67.732
"Com_20079_pos",67.616
"Com_3229_pos",67.458
"Com_2995_pos",67.341
"Com_5425_pos",66.933
"Com_1837_pos",66.899
"Com_15231_pos",66.842
"Com_6276_pos",66.839
"Com_6012_pos",66.751
"Com_4439_pos",66.621
"Com_21740_pos",66.57
"Com_11039_pos",66.552
"Com_20412_pos",66.456
"Com_7311_pos",66.402
"Com_11789_pos",66.393
"Com_4941_pos",66.311
"Com_14397_pos",66.164
"Com_3985_pos",66.06
"Com_17464_pos",65.839
"Com_17956_pos",65.838
"Com_607_pos",65.757
"Com_5009_pos",65.677
"Com_853_pos",65.501
"Com_8447_pos",65.382
"Com_19439_pos",65.364
"Com_6919_pos",65.321
"Com_15496_pos",65.298
"Com_4362_pos",65.206
"Com_8783_pos",64.934
"Com_17499_pos",64.769
"Com_12696_pos",64.532
"Com_18047_pos",64.464
"Com_5827_pos",64.267
"Com_19823_pos",64.256
"Com_4967_pos",64.239
"Com_1897_pos",64.006
"Com_856_pos",63.992
"Com_6955_pos",63.917
"Com_7785_pos",63.904
"Com_7536_pos",63.726
"Com_21137_pos",63.696
"Com_23047_pos",63.596
"Com_3233_pos",63.557
"Com_14906_pos",63.491
"Com_1777_pos",63.439
"Com_8503_pos",63.126
"Com_23644_pos",63.01
"Com_12368_pos",63.004
"Com_9492_pos",62.679
"Com_6951_pos",62.666
"Com_16497_pos",62.654
"Com_7600_pos",62.603
"Com_23689_pos",62.509
"Com_20134_pos",62.476
"Com_22184_pos",62.368
"Com_20417_pos",62.272
"Com_18030_pos",62.157
"Com_2172_pos",61.904
"Com_19_pos",61.897
"Com_24568_pos",61.876
"Com_2891_pos",61.86
"Com_21828_pos",61.799
"Com_12574_pos",61.689
"Com_18333_pos",61.603
"Com_16591_pos",61.485
"Com_21309_pos",61.247
"Com_13846_pos",61.051
"Com_14726_pos",60.783
"Com_9677_pos",60.663
"Com_21434_pos",60.618
"Com_22062_pos",60.472
"Com_12933_pos",60.449
"Com_24839_pos",60.393
"Com_9500_pos",60.392
"Com_19421_pos",60.287
"Com_643_pos",60.251
"Com_20698_pos",60.191
"Com_610_pos",60.107
"Com_4125_pos",59.938
"Com_10090_pos",59.896
"Com_199_pos",59.846
"Com_8415_pos",59.74
"Com_8709_pos",59.688
"Com_22834_pos",59.612
"Com_217_pos",59.593
"Com_3482_pos",59.581
"Com_293_pos",59.575
"Com_1789_pos",59.436
"Com_25050_pos",59.26
"Com_21964_pos",59.158
"Com_17228_pos",59.018
"Com_8871_pos",58.959
"Com_8544_pos",58.892
"Com_9585_pos",58.819
"Com_12106_pos",58.719
"Com_7783_pos",58.488
"Com_22338_pos",58.461
"Com_16498_pos",58.422
"Com_7134_pos",58.397
"Com_3249_pos",58.362
"Com_183_pos",58.285
"Com_2120_pos",58.282
"Com_21304_pos",58.273
"Com_11885_pos",58.148
"Com_23651_pos",58.116
"Com_1386_pos",58.102
"Com_14617_pos",58.06
"Com_21135_pos",58.033
"Com_6571_pos",57.942
"Com_21158_pos",57.909
"Com_17385_pos",57.901
"Com_4832_pos",57.702
"Com_21259_pos",57.689
"Com_1885_pos",57.574
"Com_5623_pos",57.555
"Com_16193_pos",57.502
"Com_1151_pos",57.484
"Com_14241_pos",57.461
"Com_15495_pos",57.441
"Com_12843_pos",57.434
"Com_20565_pos",57.431
"Com_12515_pos",57.426
"Com_20651_pos",57.354
"Com_4573_pos",57.353
"Com_1655_pos",57.304
"Com_4927_pos",57.256
"Com_16116_pos",57.23
"Com_17216_pos",57.208
"Com_326_pos",57.146
"Com_21762_pos",57.125
"Com_14971_pos",57.116
"Com_4375_pos",57.075
"Com_1908_pos",57.019
"Com_14460_pos",56.916
"Com_20679_pos",56.894
"Com_14374_pos",56.887
"Com_10543_pos",56.849
"Com_1034_pos",56.842
"Com_12352_pos",56.824
"Com_4128_pos",56.781
"Com_21417_pos",56.67
"Com_3163_pos",56.655
"Com_12798_pos",56.64
"Com_23898_pos",56.604
"Com_3826_pos",56.51
"Com_17702_pos",56.471
"Com_876_pos",56.386
"Com_16710_pos",56.336
"Com_16203_pos",56.328
"Com_17964_pos",56.317
"Com_5435_pos",56.293
"Com_2259_pos",56.286
"Com_10485_pos",56.256
"Com_7180_pos",56.199
"Com_11962_pos",56.178
"Com_15309_pos",56.162
"Com_13191_pos",56.151
"Com_13557_pos",56.136
"Com_9706_pos",56.129
"Com_21329_pos",56.078
"Com_14813_pos",56.051
"Com_1531_pos",56.012
"Com_103_pos",55.931
"Com_11908_pos",55.931
"Com_8770_pos",55.917
"Com_18167_pos",55.906
"Com_11319_pos",55.753
"Com_7548_pos",55.737
"Com_22313_pos",55.706
"Com_14061_pos",55.697
"Com_5379_pos",55.696
"Com_22454_pos",55.694
"Com_8816_pos",55.634
"Com_108_pos",55.465
"Com_770_pos",55.34
"Com_2154_pos",55.158
"Com_4807_pos",55.15
"Com_23248_pos",55.135
"Com_2633_pos",55.078
"Com_7178_pos",55.075
"Com_11132_pos",55.065
"Com_4437_pos",55.061
"Com_12448_pos",55.037
"Com_20621_pos",55.03
"Com_6313_pos",55.002
"Com_15527_pos",54.945
"Com_22702_pos",54.906
"Com_14095_pos",54.806
"Com_17868_pos",54.732
"Com_5252_pos",54.537
"Com_9849_pos",54.458
"Com_21471_pos",54.449
"Com_3627_pos",54.373
"Com_8875_pos",54.37
"Com_22843_pos",54.363
"Com_25094_pos",54.338
"Com_22228_pos",54.337
"Com_16409_pos",54.315
"Com_13508_pos",54.105
"Com_21622_pos",54.045
"Com_11782_pos",54.035
"Com_16805_pos",54.022
"Com_18860_pos",53.96
"Com_6144_pos",53.889
"Com_21419_pos",53.861
"Com_4934_pos",53.641
"Com_23991_pos",53.601
"Com_18599_pos",53.593
"Com_14899_pos",53.279
"Com_1100_pos",53.2
"Com_23200_pos",53.122
"Com_168_pos",53.088
"Com_17358_pos",53.078
"Com_613_pos",53.074
"Com_312_pos",53.059
"Com_1796_pos",53.039
"Com_1102_pos",53.011
"Com_19843_pos",52.986
"Com_24319_pos",52.974
"Com_4144_pos",52.955
"Com_922_pos",52.92
"Com_9934_pos",52.893
"Com_21899_pos",52.847
"Com_22242_pos",52.844
"Com_5562_pos",52.826
"Com_22258_pos",52.749
"Com_9906_pos",52.745
"Com_10436_pos",52.723
"Com_7209_pos",52.703
"Com_1633_pos",52.642
"Com_23621_pos",52.638
"Com_16657_pos",52.635
"Com_4313_pos",52.59
"Com_3583_pos",52.569
"Com_23224_pos",52.556
"Com_1710_pos",52.548
"Com_25091_pos",52.5
"Com_15039_pos",52.427
"Com_2801_pos",52.394
"Com_19905_pos",52.362
"Com_632_pos",52.343
"Com_24519_pos",52.341
"Com_4721_pos",52.301
"Com_12384_pos",52.25
"Com_24108_pos",52.23
"Com_9839_pos",52.175
"Com_11018_pos",52.154
"Com_17987_pos",52.133
"Com_3316_pos",52.122
"Com_4364_pos",52.114
"Com_5175_pos",52.044
"Com_6905_pos",52.041
"Com_15251_pos",51.94
"Com_1616_pos",51.932
"Com_21082_pos",51.882
"Com_17496_pos",51.88
"Com_8272_pos",51.782
"Com_365_pos",51.729
"Com_13227_pos",51.678
"Com_5989_pos",51.651
"Com_15_pos",51.651
"Com_1390_pos",51.531
"Com_4794_pos",51.503
"Com_22332_pos",51.497
"Com_4356_pos",51.495
"Com_14242_pos",51.471
"Com_16304_pos",51.351
"Com_13942_pos",51.284
"Com_4434_pos",51.219
"Com_19303_pos",51.113
"Com_15881_pos",51.084
"Com_23142_pos",51.077
"Com_9929_pos",51.065
"Com_23817_pos",51.007
"Com_14752_pos",50.979
"Com_10300_pos",50.907
"Com_2182_pos",50.87
"Com_9023_pos",50.866
"Com_1078_pos",50.85
"Com_19284_pos",50.82
"Com_16948_pos",50.729
"Com_11949_pos",50.695
"Com_7322_pos",50.686
"Com_5262_pos",50.658
"Com_15846_pos",50.578
"Com_5370_pos",50.466
"Com_2228_pos",50.447
"Com_341_pos",50.443
"Com_7930_pos",50.4
"Com_3905_pos",50.376
"Com_6099_pos",50.343
"Com_22406_pos",50.305
"Com_12995_pos",50.205
"Com_6437_pos",50.181
"Com_4577_pos",50.136
"Com_1864_pos",50.133
"Com_392_pos",50.114
"Com_16235_pos",50.091
"Com_4916_pos",50.078
"Com_12799_pos",50.057
"Com_25085_pos",50.028
"Com_21616_pos",49.99
"Com_6739_pos",49.914
"Com_4083_pos",49.91
"Com_20146_pos",49.86
"Com_20124_pos",49.856
"Com_9031_pos",49.793
"Com_6742_pos",49.779
"Com_7518_pos",49.729
"Com_10958_pos",49.68
"Com_15587_pos",49.623
"Com_17568_pos",49.598
"Com_23258_pos",49.584
"Com_10173_pos",49.571
"Com_699_pos",49.546
"Com_6154_pos",49.528
"Com_1057_pos",49.484
"Com_8922_pos",49.423
"Com_4948_pos",49.351
"Com_18958_pos",49.286
"Com_2812_pos",49.173
"Com_15642_pos",49.141
"Com_2248_pos",49.103
"Com_12656_pos",49.073
"Com_726_pos",49.023
"Com_22271_pos",49.018
"Com_5065_pos",49.006
"Com_1063_pos",48.99
"Com_3791_pos",48.986
"Com_17829_pos",48.934
"Com_21017_pos",48.926
"Com_22009_pos",48.82
"Com_725_pos",48.811
"Com_12673_pos",48.763
"Com_24221_pos",48.726
"Com_7872_pos",48.724
"Com_16617_pos",48.687
"Com_21248_pos",48.685
"Com_18101_pos",48.658
"Com_7671_pos",48.644
"Com_4304_pos",48.581
"Com_2187_pos",48.574
"Com_8468_pos",48.525
"Com_2042_pos",48.522
"Com_21882_pos",48.474
"Com_19418_pos",48.377
"Com_7327_pos",48.347
"Com_2556_pos",48.332
"Com_24303_pos",48.261
"Com_17048_pos",48.248
"Com_22066_pos",48.229
"Com_7037_pos",48.207
"Com_4250_pos",48.12
"Com_2097_pos",48.115
"Com_23152_pos",48.061
"Com_19604_pos",48.061
"Com_24134_pos",48.034
"Com_16555_pos",47.96
"Com_17818_pos",47.928
"Com_149_pos",47.9
"Com_2015_pos",47.895
"Com_18385_pos",47.874
"Com_24789_pos",47.872
"Com_1211_pos",47.854
"Com_2263_pos",47.807
"Com_16190_pos",47.767
"Com_373_pos",47.758
"Com_1921_pos",47.707
"Com_9007_pos",47.64
"Com_13650_pos",47.608
"Com_12555_pos",47.55
"Com_9472_pos",47.438
"Com_7280_pos",47.423
"Com_5178_pos",47.347
"Com_6643_pos",47.321
"Com_8796_pos",47.308
"Com_5083_pos",47.298
"Com_1294_pos",47.287
"Com_15964_pos",47.276
"Com_17459_pos",47.25
"Com_623_pos",47.242
"Com_4097_pos",47.234
"Com_1357_pos",47.224
"Com_1327_pos",47.212
"Com_12793_pos",47.19
"Com_589_pos",47.107
"Com_20518_pos",47.04
"Com_16090_pos",47.04
"Com_16340_pos",47.03
"Com_4269_pos",46.986
"Com_3279_pos",46.964
"Com_12905_pos",46.78
"Com_7585_pos",46.77
"Com_24470_pos",46.765
"Com_17733_pos",46.706
"Com_11321_pos",46.662
"Com_22390_pos",46.648
"Com_12939_pos",46.631
"Com_4448_pos",46.517
"Com_9162_pos",46.481
"Com_1816_pos",46.463
"Com_9499_pos",46.444
"Com_3518_pos",46.443
"Com_19274_pos",46.392
"Com_19623_pos",46.336
"Com_810_pos",46.281
"Com_14150_pos",46.258
"Com_18188_pos",46.237
"Com_20424_pos",46.229
"Com_22515_pos",46.226
"Com_5351_pos",46.153
"Com_10502_pos",46.144
"Com_16904_pos",46.129
"Com_22435_pos",46.076
"Com_8664_pos",46.057
"Com_21979_pos",45.971
"Com_21495_pos",45.941
"Com_20764_pos",45.939
"Com_20047_pos",45.938
"Com_13499_pos",45.933
"Com_19404_pos",45.9
"Com_6825_pos",45.873
"Com_8634_pos",45.844
"Com_5838_pos",45.766
"Com_711_pos",45.738
"Com_17807_pos",45.656
"Com_1064_pos",45.577
"Com_25207_pos",45.525
"Com_9110_pos",45.523
"Com_215_pos",45.504
"Com_15257_pos",45.493
"Com_9485_pos",45.478
"Com_2696_pos",45.47
"Com_11150_pos",45.458
"Com_4234_pos",45.448
"Com_3475_pos",45.436
"Com_21100_pos",45.38
"Com_11967_pos",45.362
"Com_23211_pos",45.325
"Com_14518_pos",45.297
"Com_7594_pos",45.281
"Com_4296_pos",45.258
"Com_20577_pos",45.15
"Com_5415_pos",45.139
"Com_16283_pos",45.113
"Com_2527_pos",45.101
"Com_18294_pos",45.039
"Com_2078_pos",44.806
"Com_15589_pos",44.805
"Com_2328_pos",44.756
"Com_22634_pos",44.74
"Com_542_pos",44.719
"Com_10874_pos",44.689
"Com_20661_pos",44.683
"Com_6429_pos",44.673
"Com_9729_pos",44.596
"Com_12728_pos",44.588
"Com_24986_pos",44.55
"Com_20126_pos",44.489
"Com_6770_pos",44.489
"Com_6659_pos",44.453
"Com_22436_pos",44.44
"Com_21676_pos",44.439
"Com_24806_pos",44.43
"Com_2127_pos",44.413
"Com_15598_pos",44.405
"Com_203_pos",44.368
"Com_4110_pos",44.331
"Com_5147_pos",44.328
"Com_9490_pos",44.302
"Com_12200_pos",44.278
"Com_11720_pos",44.277
"Com_7990_pos",44.201
"Com_3369_pos",44.199
"Com_1456_pos",44.146
"Com_11099_pos",44.121
"Com_2674_pos",44.08
"Com_9669_pos",44.039
"Com_3053_pos",43.984
"Com_21077_pos",43.983
"Com_5161_pos",43.88
"Com_1614_pos",43.852
"Com_15840_pos",43.818
"Com_17627_pos",43.788
"Com_20259_pos",43.773
"Com_8425_pos",43.769
"Com_8526_pos",43.669
"Com_15886_pos",43.666
"Com_21938_pos",43.657
"Com_9207_pos",43.628
"Com_4219_pos",43.617
"Com_7366_pos",43.55
"Com_20032_pos",43.533
"Com_18651_pos",43.462
"Com_8920_pos",43.4
"Com_24346_pos",43.394
"Com_2054_pos",43.385
"Com_1310_pos",43.302
"Com_6719_pos",43.267
"Com_2500_pos",43.207
"Com_505_pos",43.197
"Com_18643_pos",43.179
"Com_16291_pos",43.17
"Com_20776_pos",43.167
"Com_22195_pos",43.156
"Com_4342_pos",43.056
"Com_9950_pos",42.927
"Com_22667_pos",42.894
"Com_20996_pos",42.835
"Com_22607_pos",42.798
"Com_12527_pos",42.783
"Com_23164_pos",42.722
"Com_14737_pos",42.719
"Com_3846_pos",42.692
"Com_24745_pos",42.686
"Com_22370_pos",42.683
"Com_4063_pos",42.652
"Com_15498_pos",42.651
"Com_22357_pos",42.643
"Com_19033_pos",42.595
"Com_2847_pos",42.568
"Com_17563_pos",42.549
"Com_4639_pos",42.541
"Com_22247_pos",42.516
"Com_23542_pos",42.5
"Com_5331_pos",42.479
"Com_1252_pos",42.385
"Com_13505_pos",42.367
"Com_15278_pos",42.315
"Com_17730_pos",42.29
"Com_20616_pos",42.26
"Com_24083_pos",42.214
"Com_21999_pos",42.199
"Com_14921_pos",42.192
"Com_18794_pos",42.171
"Com_27_pos",42.166
"Com_1186_pos",42.144
"Com_8176_pos",42.131
"Com_25024_pos",42.11
"Com_11643_pos",42.104
"Com_19904_pos",42.097
"Com_23629_pos",42.088
"Com_1871_pos",42.082
"Com_10480_pos",42.062
"Com_25202_pos",41.999
"Com_2755_pos",41.979
"Com_19441_pos",41.939
"Com_11892_pos",41.93
"Com_22300_pos",41.907
"Com_6638_pos",41.903
"Com_10601_pos",41.876
"Com_2160_pos",41.861
"Com_4895_pos",41.858
"Com_13764_pos",41.799
"Com_4766_pos",41.773
"Com_3092_pos",41.732
"Com_19268_pos",41.663
"Com_12143_pos",41.641
"Com_605_pos",41.569
"Com_19995_pos",41.569
"Com_5709_pos",41.521
"Com_15224_pos",41.516
"Com_7648_pos",41.479
"Com_5332_pos",41.464
"Com_13135_pos",41.453
"Com_5488_pos",41.362
"Com_16727_pos",41.353
"Com_3589_pos",41.219
"Com_10045_pos",41.217
"Com_9112_pos",41.216
"Com_20030_pos",41.199
"Com_21927_pos",41.155
"Com_5523_pos",41.151
"Com_4272_pos",41.149
"Com_14968_pos",41.102
"Com_3814_pos",41.089
"Com_525_pos",41.067
"Com_10314_pos",41.004
"Com_1154_pos",40.99
"Com_817_pos",40.985
"Com_11044_pos",40.963
"Com_16528_pos",40.918
"Com_6279_pos",40.917
"Com_6824_pos",40.873
"Com_9988_pos",40.865
"Com_501_pos",40.842
"Com_8452_pos",40.835
"Com_6210_pos",40.823
"Com_18934_pos",40.811
"Com_1896_pos",40.647
"Com_6384_pos",40.645
"Com_11739_pos",40.618
"Com_4510_pos",40.519
"Com_19721_pos",40.508
"Com_9283_pos",40.487
"Com_22866_pos",40.457
"Com_23476_pos",40.444
"Com_11722_pos",40.416
"Com_4156_pos",40.272
"Com_14604_pos",40.26
"Com_18070_pos",40.259
"Com_97_pos",40.255
"Com_22624_pos",40.039
"Com_21375_pos",40.036
"Com_22322_pos",40.034
"Com_6798_pos",40.026
"Com_22005_pos",40.02
"Com_9101_pos",40.007
"Com_10872_pos",39.966
"Com_4786_pos",39.785
"Com_20814_pos",39.784
"Com_22050_pos",39.781
"Com_4869_pos",39.749
"Com_24177_pos",39.639
"Com_2273_pos",39.608
"Com_10721_pos",39.581
"Com_5866_pos",39.576
"Com_19431_pos",39.494
"Com_25233_pos",39.485
"Com_15928_pos",39.444
"Com_23935_pos",39.423
"Com_16240_pos",39.418
"Com_17621_pos",39.402
"Com_7707_pos",39.369
"Com_4861_pos",39.351
"Com_11169_pos",39.349
"Com_7455_pos",39.326
"Com_24077_pos",39.325
"Com_24255_pos",39.318
"Com_9656_pos",39.306
"Com_15154_pos",39.251
"Com_3772_pos",39.241
"Com_15193_pos",39.233
"Com_8929_pos",39.173
"Com_20236_pos",39.143
"Com_24217_pos",39.076
"Com_10328_pos",39.059
"Com_22822_pos",39.026
"Com_21405_pos",39.02
"Com_10595_pos",39.009
"Com_23518_pos",38.993
"Com_9590_pos",38.979
"Com_8666_pos",38.959
"Com_2222_pos",38.904
"Com_20058_pos",38.892
"Com_2462_pos",38.869
"Com_2585_pos",38.841
"Com_13401_pos",38.826
"Com_13544_pos",38.802
"Com_1549_pos",38.777
"Com_3405_pos",38.761
"Com_1732_pos",38.714
"Com_20979_pos",38.693
"Com_909_pos",38.669
"Com_24334_pos",38.601
"Com_2346_pos",38.574
"Com_7405_pos",38.569
"Com_3181_pos",38.524
"Com_24337_pos",38.476
"Com_24063_pos",38.436
"Com_10396_pos",38.4
"Com_3294_pos",38.385
"Com_620_pos",38.373
"Com_6071_pos",38.361
"Com_11441_pos",38.327
"Com_24706_pos",38.238
"Com_4836_pos",38.228
"Com_19375_pos",38.207
"Com_8075_pos",38.206
"Com_15476_pos",38.198
"Com_1979_pos",38.114
"Com_1611_pos",38.094
"Com_10706_pos",38.073
"Com_354_pos",38.054
"Com_12714_pos",38.009
"Com_23792_pos",37.997
"Com_22636_pos",37.986
"Com_7464_pos",37.984
"Com_13940_pos",37.981
"Com_10296_pos",37.973
"Com_10124_pos",37.961
"Com_20147_pos",37.915
"Com_13197_pos",37.802
"Com_11163_pos",37.786
"Com_19376_pos",37.776
"Com_10799_pos",37.763
"Com_975_pos",37.756
"Com_12372_pos",37.753
"Com_7704_pos",37.708
"Com_1120_pos",37.703
"Com_8896_pos",37.644
"Com_20699_pos",37.62
"Com_1674_pos",37.603
"Com_47_pos",37.577
"Com_16846_pos",37.548
"Com_3540_pos",37.504
"Com_10609_pos",37.496
"Com_17481_pos",37.47
"Com_21394_pos",37.425
"Com_16940_pos",37.404
"Com_23923_pos",37.383
"Com_19581_pos",37.375
"Com_22913_pos",37.346
"Com_12866_pos",37.343
"Com_17126_pos",37.332
"Com_7983_pos",37.255
"Com_18723_pos",37.243
"Com_9377_pos",37.21
"Com_5855_pos",37.194
"Com_857_pos",37.184
"Com_10374_pos",37.161
"Com_497_pos",37.131
"Com_21705_pos",37.106
"Com_24132_pos",37.091
"Com_5463_pos",37.065
"Com_23771_pos",37.059
"Com_24906_pos",37.058
"Com_20863_pos",37.019
"Com_22753_pos",36.946
"Com_5135_pos",36.895
"Com_12398_pos",36.884
"Com_11922_pos",36.863
"Com_792_pos",36.832
"Com_7085_pos",36.784
"Com_22096_pos",36.783
"Com_14288_pos",36.768
"Com_3538_pos",36.692
"Com_6000_pos",36.679
"Com_8928_pos",36.643
"Com_39_pos",36.639
"Com_1548_pos",36.63
"Com_21246_pos",36.575
"Com_6642_pos",36.534
"Com_284_pos",36.528
"Com_22659_pos",36.512
"Com_18586_pos",36.481
"Com_17342_pos",36.466
"Com_9210_pos",36.457
"Com_5271_pos",36.436
"Com_15577_pos",36.433
"Com_21754_pos",36.428
"Com_11234_pos",36.414
"Com_205_pos",36.389
"Com_11917_pos",36.355
"Com_21716_pos",36.329
"Com_22962_pos",36.319
"Com_10478_pos",36.304
"Com_17826_pos",36.288
"Com_18107_pos",36.276
"Com_2265_pos",36.214
"Com_18991_pos",36.21
"Com_17778_pos",36.197
"Com_3255_pos",36.173
"Com_12976_pos",36.164
"Com_23351_pos",36.138
"Com_22851_pos",36.131
"Com_6453_pos",36.128
"Com_6761_pos",36.106
"Com_7467_pos",36.097
"Com_5295_pos",36.08
"Com_14603_pos",36.056
"Com_24550_pos",36.001
"Com_3858_pos",35.969
"Com_11243_pos",35.933
"Com_25297_pos",35.895
"Com_20018_pos",35.88
"Com_6445_pos",35.878
"Com_18004_pos",35.875
"Com_1166_pos",35.858
"Com_14671_pos",35.834
"Com_24100_pos",35.825
"Com_6879_pos",35.797
"Com_8385_pos",35.793
"Com_5431_pos",35.737
"Com_17768_pos",35.702
"Com_19389_pos",35.688
"Com_23569_pos",35.666
"Com_25289_pos",35.661
"Com_1_pos",35.613
"Com_8087_pos",35.582
"Com_697_pos",35.529
"Com_10808_pos",35.527
"Com_12255_pos",35.473
"Com_7764_pos",35.445
"Com_6709_pos",35.416
"Com_10312_pos",35.382
"Com_14939_pos",35.377
"Com_1090_pos",35.367
"Com_4167_pos",35.338
"Com_275_pos",35.203
"Com_9918_pos",35.201
"Com_3371_pos",35.139
"Com_7476_pos",35.131
"Com_2955_pos",35.115
"Com_992_pos",35.06
"Com_25391_pos",35.047
"Com_5901_pos",35.04
"Com_4298_pos",35.037
"Com_15831_pos",35.029
"Com_17286_pos",35.01
"Com_13548_pos",34.965
"Com_1180_pos",34.963
"Com_16189_pos",34.894
"Com_21675_pos",34.887
"Com_18210_pos",34.88
"Com_16608_pos",34.813
"Com_9756_pos",34.775
"Com_5508_pos",34.749
"Com_9807_pos",34.739
"Com_16949_pos",34.68
"Com_21414_pos",34.66
"Com_672_pos",34.654
"Com_9476_pos",34.65
"Com_14231_pos",34.615
"Com_7863_pos",34.611
"Com_8262_pos",34.588
"Com_479_pos",34.521
"Com_4046_pos",34.497
"Com_18231_pos",34.489
"Com_23295_pos",34.445
"Com_12463_pos",34.427
"Com_18744_pos",34.425
"Com_6025_pos",34.418
"Com_1199_pos",34.406
"Com_339_pos",34.403
"Com_4610_pos",34.367
"Com_23206_pos",34.353
"Com_24117_pos",34.341
"Com_10844_pos",34.255
"Com_20619_pos",34.239
"Com_4643_pos",34.226
"Com_15226_pos",34.222
"Com_446_pos",34.2
"Com_11149_pos",34.177
"Com_5943_pos",34.118
"Com_13104_pos",34.114
"Com_18437_pos",34.113
"Com_10936_pos",34.11
"Com_17030_pos",34.072
"Com_22933_pos",34.041
"Com_13701_pos",33.982
"Com_21340_pos",33.948
"Com_22903_pos",33.937
"Com_22273_pos",33.935
"Com_9365_pos",33.932
"Com_19183_pos",33.926
"Com_11140_pos",33.92
"Com_15864_pos",33.916
"Com_18427_pos",33.898
"Com_6284_pos",33.888
"Com_13913_pos",33.807
"Com_19835_pos",33.765
"Com_8248_pos",33.751
"Com_21042_pos",33.75
"Com_5394_pos",33.71
"Com_3228_pos",33.678
"Com_23052_pos",33.676
"Com_6220_pos",33.659
"Com_349_pos",33.655
"Com_9788_pos",33.644
"Com_14186_pos",33.635
"Com_3713_pos",33.628
"Com_2001_pos",33.61
"Com_23679_pos",33.605
"Com_14102_pos",33.57
"Com_23734_pos",33.552
"Com_24123_pos",33.525
"Com_23223_pos",33.495
"Com_16839_pos",33.48
"Com_12206_pos",33.478
"Com_8341_pos",33.447
"Com_1224_pos",33.436
"Com_1237_pos",33.431
"Com_16380_pos",33.373
"Com_1247_pos",33.359
"Com_20243_pos",33.35
"Com_21799_pos",33.327
"Com_20374_pos",33.321
"Com_9495_pos",33.293
"Com_2296_pos",33.281
"Com_10557_pos",33.26
"Com_24014_pos",33.241
"Com_11104_pos",33.189
"Com_3138_pos",33.175
"Com_20693_pos",33.115
"Com_18156_pos",33.1
"Com_487_pos",33.079
"Com_20091_pos",33.069
"Com_18275_pos",33.066
"Com_25199_pos",32.974
"Com_9972_pos",32.916
"Com_20885_pos",32.893
"Com_14043_pos",32.88
"Com_22871_pos",32.879
"Com_3885_pos",32.874
"Com_1361_pos",32.849
"Com_4812_pos",32.826
"Com_1204_pos",32.785
"Com_67_pos",32.764
"Com_25363_pos",32.754
"Com_23521_pos",32.669
"Com_24431_pos",32.548
"Com_18478_pos",32.509
"Com_9139_pos",32.491
"Com_8410_pos",32.479
"Com_12765_pos",32.461
"Com_20088_pos",32.456
"Com_14487_pos",32.424
"Com_8601_pos",32.421
"Com_10760_pos",32.32
"Com_4871_pos",32.304
"Com_12153_pos",32.303
"Com_24486_pos",32.267
"Com_7651_pos",32.255
"Com_8845_pos",32.165
"Com_441_pos",32.141
"Com_6957_pos",32.133
"Com_6296_pos",32.087
"Com_9881_pos",32.072
"Com_3706_pos",32.042
"Com_20752_pos",32.041
"Com_19726_pos",32.031
"Com_21684_pos",32.004
"Com_1599_pos",31.979
"Com_18753_pos",31.975
"Com_12272_pos",31.972
"Com_19688_pos",31.959
"Com_13979_pos",31.954
"Com_19664_pos",31.952
"Com_3804_pos",31.942
"Com_20900_pos",31.889
"Com_21903_pos",31.87
"Com_3672_pos",31.814
"Com_7610_pos",31.786
"Com_8583_pos",31.779
"Com_2680_pos",31.776
"Com_23916_pos",31.774
"Com_17965_pos",31.762
"Com_18026_pos",31.729
"Com_12685_pos",31.711
"Com_12697_pos",31.709
"Com_18401_pos",31.693
"Com_5701_pos",31.674
"Com_22751_pos",31.631
"Com_2886_pos",31.629
"Com_23503_pos",31.629
"Com_13973_pos",31.617
"Com_1400_pos",31.548
"Com_17134_pos",31.538
"Com_12676_pos",31.536
"Com_19293_pos",31.514
"Com_17955_pos",31.501
"Com_7567_pos",31.489
"Com_10643_pos",31.476
"Com_21403_pos",31.43
"Com_10840_pos",31.424
"Com_12720_pos",31.41
"Com_4518_pos",31.398
"Com_16758_pos",31.349
"Com_13371_pos",31.333
"Com_13_pos",31.329
"Com_23652_pos",31.325
"Com_2478_pos",31.313
"Com_19518_pos",31.31
"Com_9300_pos",31.289
"Com_9848_pos",31.289
"Com_11536_pos",31.229
"Com_322_pos",31.225
"Com_21513_pos",31.219
"Com_21831_pos",31.216
"Com_55_pos",31.211
"Com_2143_pos",31.206
"Com_8822_pos",31.189
"Com_16333_pos",31.139
"Com_6233_pos",31.111
"Com_16933_pos",31.111
"Com_2594_pos",31.11
"Com_15953_pos",31.078
"Com_3829_pos",31.046
"Com_24685_pos",31.023
"Com_460_pos",31.019
"Com_840_pos",31.014
"Com_14333_pos",31
"Com_13542_pos",30.995
"Com_8240_pos",30.987
"Com_10088_pos",30.978
"Com_8907_pos",30.963
"Com_2464_pos",30.92
"Com_8554_pos",30.912
"Com_18790_pos",30.891
"Com_710_pos",30.887
"Com_21457_pos",30.853
"Com_3646_pos",30.839
"Com_7006_pos",30.789
"Com_20999_pos",30.784
"Com_12313_pos",30.752
"Com_19447_pos",30.749
"Com_19735_pos",30.718
"Com_22342_pos",30.715
"Com_79_pos",30.69
"Com_24600_pos",30.677
"Com_2735_pos",30.642
"Com_14705_pos",30.627
"Com_7258_pos",30.616
"Com_3070_pos",30.578
"Com_12109_pos",30.533
"Com_4016_pos",30.472
"Com_1646_pos",30.427
"Com_22431_pos",30.381
"Com_12073_pos",30.378
"Com_15086_pos",30.354
"Com_3843_pos",30.345
"Com_7212_pos",30.328
"Com_4850_pos",30.311
"Com_23649_pos",30.299
"Com_1561_pos",30.275
"Com_13981_pos",30.265
"Com_18077_pos",30.225
"Com_5148_pos",30.203
"Com_3506_pos",30.169
"Com_668_pos",30.165
"Com_28_pos",30.14
"Com_459_pos",30.127
"Com_19425_pos",30.124
"Com_2946_pos",30.117
"Com_3421_pos",30.052
"Com_4612_pos",29.974
"Com_17031_pos",29.968
"Com_13723_pos",29.947
"Com_1671_pos",29.923
"Com_15421_pos",29.886
"Com_22514_pos",29.855
"Com_15961_pos",29.846
"Com_9087_pos",29.841
"Com_13473_pos",29.836
"Com_9073_pos",29.821
"Com_15989_pos",29.82
"Com_10523_pos",29.801
"Com_3118_pos",29.766
"Com_5555_pos",29.746
"Com_18151_pos",29.73
"Com_6537_pos",29.712
"Com_22752_pos",29.677
"Com_970_pos",29.662
"Com_21520_pos",29.654
"Com_7655_pos",29.594
"Com_10034_pos",29.573
"Com_6013_pos",29.571
"Com_19276_pos",29.571
"Com_18425_pos",29.525
"Com_23981_pos",29.434
"Com_18153_pos",29.394
"Com_15302_pos",29.359
"Com_1403_pos",29.335
"Com_4597_pos",29.335
"Com_2390_pos",29.323
"Com_12740_pos",29.288
"Com_15006_pos",29.278
"Com_7794_pos",29.229
"Com_12245_pos",29.2
"Com_9009_pos",29.188
"Com_24780_pos",29.17
"Com_23481_pos",29.139
"Com_12429_pos",29.044
"Com_5740_pos",29.043
"Com_21376_pos",29.039
"Com_9284_pos",29.029
"Com_6439_pos",29.014
"Com_6948_pos",28.981
"Com_22595_pos",28.976
"Com_18328_pos",28.957
"Com_1516_pos",28.955
"Com_4619_pos",28.766
"Com_6067_pos",28.704
"Com_22670_pos",28.645
"Com_9640_pos",28.549
"Com_4801_pos",28.533
"Com_8647_pos",28.458
"Com_2790_pos",28.43
"Com_15548_pos",28.41
"Com_6644_pos",28.407
"Com_23939_pos",28.347
"Com_21612_pos",28.332
"Com_8567_pos",28.328
"Com_24704_pos",28.279
"Com_24539_pos",28.163
"Com_5837_pos",28.161
"Com_2391_pos",28.158
"Com_11136_pos",28.133
"Com_10271_pos",28.129
"Com_811_pos",28.067
"Com_11470_pos",28.028
"Com_6688_pos",28.023
"Com_10333_pos",28.013
"Com_1634_pos",27.986
"Com_22567_pos",27.965
"Com_17726_pos",27.961
"Com_3602_pos",27.956
"Com_23381_pos",27.938
"Com_9887_pos",27.892
"Com_5745_pos",27.818
"Com_4123_pos",27.81
"Com_10408_pos",27.772
"Com_12291_pos",27.768
"Com_20198_pos",27.766
"Com_8159_pos",27.732
"Com_5902_pos",27.708
"Com_5485_pos",27.699
"Com_13055_pos",27.687
"Com_19419_pos",27.664
"Com_5373_pos",27.599
"Com_21009_pos",27.552
"Com_18818_pos",27.541
"Com_20768_pos",27.526
"Com_616_pos",27.498
"Com_19476_pos",27.487
"Com_18746_pos",27.467
"Com_6209_pos",27.447
"Com_24842_pos",27.438
"Com_2748_pos",27.428
"Com_3819_pos",27.421
"Com_12635_pos",27.41
"Com_19666_pos",27.402
"Com_7023_pos",27.396
"Com_416_pos",27.373
"Com_5876_pos",27.357
"Com_19756_pos",27.356
"Com_7273_pos",27.333
"Com_4957_pos",27.322
"Com_20721_pos",27.318
"Com_9216_pos",27.296
"Com_10655_pos",27.28
"Com_8970_pos",27.269
"Com_9121_pos",27.233
"Com_22381_pos",27.146
"Com_661_pos",27.145
"Com_10645_pos",27.143
"Com_8208_pos",27.094
"Com_20292_pos",27.093
"Com_6701_pos",26.998
"Com_5432_pos",26.9
"Com_3078_pos",26.895
"Com_15038_pos",26.872
"Com_25019_pos",26.872
"Com_23309_pos",26.868
"Com_18482_pos",26.857
"Com_7545_pos",26.855
"Com_17718_pos",26.85
"Com_1376_pos",26.842
"Com_17763_pos",26.787
"Com_11877_pos",26.754
"Com_22015_pos",26.742
"Com_25114_pos",26.732
"Com_24545_pos",26.695
"Com_16107_pos",26.693
"Com_1485_pos",26.673
"Com_6218_pos",26.663
"Com_17864_pos",26.625
"Com_18176_pos",26.603
"Com_10641_pos",26.583
"Com_17105_pos",26.574
"Com_21048_pos",26.559
"Com_2169_pos",26.549
"Com_21812_pos",26.54
"Com_869_pos",26.524
"Com_13147_pos",26.511
"Com_12974_pos",26.495
"Com_5015_pos",26.492
"Com_6148_pos",26.479
"Com_10594_pos",26.478
"Com_24738_pos",26.468
"Com_23785_pos",26.455
"Com_13818_pos",26.455
"Com_593_pos",26.444
"Com_14403_pos",26.429
"Com_24015_pos",26.429
"Com_6163_pos",26.417
"Com_21889_pos",26.406
"Com_521_pos",26.401
"Com_2482_pos",26.398
"Com_24811_pos",26.398
"Com_11424_pos",26.387
"Com_18557_pos",26.379
"Com_22832_pos",26.362
"Com_1019_pos",26.288
"Com_11185_pos",26.286
"Com_7449_pos",26.278
"Com_5105_pos",26.236
"Com_19379_pos",26.212
"Com_14782_pos",26.185
"Com_7806_pos",26.171
"Com_2725_pos",26.162
"Com_1201_pos",26.155
"Com_16740_pos",26.136
"Com_22857_pos",26.135
"Com_15212_pos",26.109
"Com_12417_pos",26.085
"Com_21524_pos",26.055
"Com_116_pos",26.037
"Com_22894_pos",26.022
"Com_21505_pos",26.021
"Com_16961_pos",26.012
"Com_10500_pos",25.999
"Com_15229_pos",25.964
"Com_25354_pos",25.952
"Com_3045_pos",25.948
"Com_23477_pos",25.928
"Com_22311_pos",25.925
"Com_16639_pos",25.921
"Com_6628_pos",25.906
"Com_25049_pos",25.901
"Com_20780_pos",25.866
"Com_2766_pos",25.855
"Com_1214_pos",25.855
"Com_19725_pos",25.84
"Com_2772_pos",25.819
"Com_11983_pos",25.784
"Com_18082_pos",25.769
"Com_7928_pos",25.729
"Com_25305_pos",25.708
"Com_6295_pos",25.67
"Com_1028_pos",25.648
"Com_21939_pos",25.637
"Com_814_pos",25.622
"Com_1413_pos",25.607
"Com_3009_pos",25.605
"Com_11204_pos",25.546
"Com_5336_pos",25.531
"Com_6917_pos",25.51
"Com_9617_pos",25.451
"Com_2655_pos",25.407
"Com_16122_pos",25.373
"Com_2832_pos",25.351
"Com_1178_pos",25.333
"Com_3264_pos",25.32
"Com_4239_pos",25.297
"Com_19549_pos",25.295
"Com_380_pos",25.236
"Com_2853_pos",25.168
"Com_14322_pos",25.158
"Com_16723_pos",25.121
"Com_865_pos",25.116
"Com_15001_pos",25.096
"Com_14715_pos",25.094
"Com_2849_pos",25.092
"Com_7505_pos",25.066
"Com_25115_pos",25.058
"Com_9195_pos",25.051
"Com_10129_pos",25.05
"Com_22798_pos",25.022
"Com_16712_pos",24.996
"Com_6103_pos",24.963
"Com_2152_pos",24.962
"Com_25319_pos",24.927
"Com_21721_pos",24.92
"Com_12945_pos",24.917
"Com_385_pos",24.895
"Com_153_pos",24.852
"Com_736_pos",24.812
"Com_379_pos",24.785
"Com_17443_pos",24.783
"Com_78_pos",24.758
"Com_6992_pos",24.73
"Com_24552_pos",24.696
"Com_19717_pos",24.659
"Com_18956_pos",24.644
"Com_3049_pos",24.644
"Com_9670_pos",24.637
"Com_5608_pos",24.633
"Com_4113_pos",24.63
"Com_15706_pos",24.567
"Com_10111_pos",24.562
"Com_9272_pos",24.532
"Com_2212_pos",24.528
"Com_10812_pos",24.501
"Com_14501_pos",24.495
"Com_19556_pos",24.45
"Com_10505_pos",24.45
"Com_6408_pos",24.43
"Com_25348_pos",24.414
"Com_9176_pos",24.412
"Com_24067_pos",24.362
"Com_11403_pos",24.326
"Com_22303_pos",24.292
"Com_9354_pos",24.268
"Com_13768_pos",24.251
"Com_23290_pos",24.227
"Com_8258_pos",24.154
"Com_14816_pos",24.135
"Com_14621_pos",24.135
"Com_1914_pos",24.129
"Com_22463_pos",24.122
"Com_4_pos",24.106
"Com_18355_pos",24.059
"Com_23229_pos",24.048
"Com_23992_pos",24.02
"Com_16956_pos",24.008
"Com_1965_pos",23.989
"Com_11310_pos",23.966
"Com_13821_pos",23.965
"Com_2878_pos",23.94
"Com_16169_pos",23.866
"Com_14265_pos",23.844
"Com_8219_pos",23.829
"Com_25176_pos",23.794
"Com_74_pos",23.791
"Com_13288_pos",23.789
"Com_15108_pos",23.787
"Com_70_pos",23.748
"Com_17947_pos",23.737
"Com_4905_pos",23.711
"Com_16509_pos",23.676
"Com_13968_pos",23.659
"Com_7400_pos",23.651
"Com_2911_pos",23.642
"Com_7725_pos",23.642
"Com_3615_pos",23.61
"Com_17978_pos",23.606
"Com_5689_pos",23.564
"Com_12861_pos",23.523
"Com_21719_pos",23.512
"Com_20328_pos",23.469
"Com_4853_pos",23.441
"Com_22591_pos",23.428
"Com_8967_pos",23.402
"Com_2660_pos",23.396
"Com_25236_pos",23.326
"Com_6044_pos",23.319
"Com_7398_pos",23.315
"Com_5267_pos",23.312
"Com_14896_pos",23.308
"Com_22905_pos",23.295
"Com_23694_pos",23.291
"Com_11579_pos",23.263
"Com_15129_pos",23.242
"Com_11416_pos",23.212
"Com_11737_pos",23.165
"Com_18750_pos",23.163
"Com_8049_pos",23.13
"Com_14359_pos",23.073
"Com_15114_pos",23.02
"Com_5392_pos",23.013
"Com_6844_pos",23.013
"Com_11157_pos",23.006
"Com_531_pos",23.002
"Com_16858_pos",22.984
"Com_10415_pos",22.974
"Com_14132_pos",22.958
"Com_20550_pos",22.953
"Com_9932_pos",22.933
"Com_1317_pos",22.902
"Com_15365_pos",22.878
"Com_21170_pos",22.861
"Com_14418_pos",22.837
"Com_9320_pos",22.815
"Com_4528_pos",22.762
"Com_260_pos",22.745
"Com_1375_pos",22.74
"Com_16743_pos",22.74
"Com_4067_pos",22.727
"Com_133_pos",22.698
"Com_16992_pos",22.676
"Com_13402_pos",22.649
"Com_4442_pos",22.646
"Com_461_pos",22.644
"Com_11794_pos",22.632
"Com_19302_pos",22.614
"Com_172_pos",22.564
"Com_13152_pos",22.555
"Com_12821_pos",22.552
"Com_20395_pos",22.526
"Com_20415_pos",22.512
"Com_7675_pos",22.458
"Com_10204_pos",22.437
"Com_17689_pos",22.423
"Com_10310_pos",22.409
"Com_10680_pos",22.407
"Com_9651_pos",22.386
"Com_1926_pos",22.37
"Com_3889_pos",22.366
"Com_21646_pos",22.327
"Com_1095_pos",22.291
"Com_14774_pos",22.289
"Com_11057_pos",22.289
"Com_11580_pos",22.237
"Com_2794_pos",22.197
"Com_660_pos",22.193
"Com_7499_pos",22.19
"Com_21791_pos",22.172
"Com_12155_pos",22.168
"Com_7670_pos",22.168
"Com_22570_pos",22.161
"Com_298_pos",22.149
"Com_6996_pos",22.136
"Com_4787_pos",22.13
"Com_1136_pos",22.128
"Com_779_pos",22.099
"Com_20942_pos",22.096
"Com_15199_pos",22.08
"Com_4264_pos",22.067
"Com_19538_pos",22.063
"Com_1621_pos",22.048
"Com_653_pos",22.045
"Com_18073_pos",22.04
"Com_8360_pos",22.032
"Com_4770_pos",21.987
"Com_10098_pos",21.965
"Com_1730_pos",21.962
"Com_6946_pos",21.917
"Com_3637_pos",21.892
"Com_3955_pos",21.862
"Com_8462_pos",21.859
"Com_24136_pos",21.821
"Com_19946_pos",21.785
"Com_5958_pos",21.771
"Com_14040_pos",21.677
"Com_889_pos",21.675
"Com_739_pos",21.66
"Com_15728_pos",21.641
"Com_3982_pos",21.627
"Com_23205_pos",21.612
"Com_21501_pos",21.589
"Com_24615_pos",21.55
"Com_3038_pos",21.546
"Com_7687_pos",21.52
"Com_23277_pos",21.517
"Com_24185_pos",21.497
"Com_23329_pos",21.464
"Com_10571_pos",21.448
"Com_4626_pos",21.448
"Com_21176_pos",21.443
"Com_1602_pos",21.391
"Com_11075_pos",21.367
"Com_2285_pos",21.346
"Com_9259_pos",21.34
"Com_23288_pos",21.281
"Com_16326_pos",21.255
"Com_7375_pos",21.244
"Com_1168_pos",21.195
"Com_13226_pos",21.165
"Com_23461_pos",21.164
"Com_18081_pos",21.162
"Com_23466_pos",21.154
"Com_10039_pos",21.141
"Com_24087_pos",21.123
"Com_68_pos",21.062
"Com_584_pos",21.057
"Com_13546_pos",21.054
"Com_21706_pos",21.029
"Com_12501_pos",21.028
"Com_22296_pos",21.012
"Com_14913_pos",20.991
"Com_7341_pos",20.978
"Com_24749_pos",20.975
"Com_11240_pos",20.946
"Com_18838_pos",20.93
"Com_16464_pos",20.907
"Com_20890_pos",20.891
"Com_7661_pos",20.883
"Com_19209_pos",20.878
"Com_23348_pos",20.871
"Com_22113_pos",20.845
"Com_12966_pos",20.838
"Com_14562_pos",20.791
"Com_6977_pos",20.787
"Com_3_pos",20.775
"Com_11468_pos",20.763
"Com_25051_pos",20.722
"Com_25168_pos",20.713
"Com_24891_pos",20.705
"Com_13719_pos",20.686
"Com_10401_pos",20.658
"Com_2272_pos",20.655
"Com_12770_pos",20.65
"Com_3747_pos",20.642
"Com_4087_pos",20.621
"Com_20757_pos",20.594
"Com_13594_pos",20.56
"Com_17059_pos",20.552
"Com_15839_pos",20.544
"Com_23933_pos",20.533
"Com_22444_pos",20.511
"Com_16153_pos",20.483
"Com_17067_pos",20.48
"Com_2364_pos",20.475
"Com_11274_pos",20.448
"Com_228_pos",20.441
"Com_24050_pos",20.42
"Com_14361_pos",20.4
"Com_17887_pos",20.395
"Com_15579_pos",20.382
"Com_16051_pos",20.366
"Com_22804_pos",20.284
"Com_18418_pos",20.265
"Com_17854_pos",20.262
"Com_19640_pos",20.212
"Com_25139_pos",20.184
"Com_14388_pos",20.176
"Com_17676_pos",20.147
"Com_10617_pos",20.041
"Com_4632_pos",20.014
"Com_10169_pos",19.972
"Com_11900_pos",19.952
"Com_19337_pos",19.941
"Com_4206_pos",19.923
"Com_18669_pos",19.918
"Com_13559_pos",19.907
"Com_962_pos",19.901
"Com_6802_pos",19.883
"Com_22852_pos",19.882
"Com_25190_pos",19.879
"Com_18074_pos",19.877
"Com_22138_pos",19.868
"Com_15310_pos",19.847
"Com_19762_pos",19.828
"Com_7431_pos",19.819
"Com_14990_pos",19.756
"Com_15673_pos",19.7
"Com_20833_pos",19.682
"Com_9666_pos",19.613
"Com_3388_pos",19.584
"Com_6552_pos",19.574
"Com_18752_pos",19.522
"Com_3143_pos",19.499
"Com_3370_pos",19.49
"Com_15282_pos",19.458
"Com_2177_pos",19.444
"Com_7874_pos",19.428
"Com_3613_pos",19.423
"Com_69_pos",19.368
"Com_21773_pos",19.32
"Com_19818_pos",19.231
"Com_19891_pos",19.212
"Com_10596_pos",19.201
"Com_23799_pos",19.2
"Com_14522_pos",19.182
"Com_11770_pos",19.175
"Com_12385_pos",19.143
"Com_3565_pos",19.127
"Com_24714_pos",19.103
"Com_24893_pos",19.089
"Com_7596_pos",19.087
"Com_23951_pos",19.08
"Com_19980_pos",19.026
"Com_23958_pos",19.018
"Com_14666_pos",19.002
"Com_15228_pos",19
"Com_8632_pos",18.995
"Com_2637_pos",18.992
"Com_21165_pos",18.957
"Com_15422_pos",18.957
"Com_6202_pos",18.948
"Com_9268_pos",18.944
"Com_24186_pos",18.941
"Com_13280_pos",18.89
"Com_14953_pos",18.843
"Com_3283_pos",18.834
"Com_2480_pos",18.814
"Com_7841_pos",18.787
"Com_3822_pos",18.781
"Com_23455_pos",18.773
"Com_24162_pos",18.755
"Com_23416_pos",18.651
"Com_23157_pos",18.639
"Com_84_pos",18.608
"Com_8397_pos",18.587
"Com_12441_pos",18.543
"Com_19834_pos",18.533
"Com_22041_pos",18.487
"Com_4706_pos",18.482
"Com_625_pos",18.454
"Com_17427_pos",18.449
"Com_23160_pos",18.435
"Com_19992_pos",18.434
"Com_24286_pos",18.433
"Com_19243_pos",18.432
"Com_7923_pos",18.408
"Com_608_pos",18.405
"Com_8805_pos",18.398
"Com_9682_pos",18.38
"Com_8469_pos",18.377
"Com_10593_pos",18.364
"Com_10164_pos",18.361
"Com_16061_pos",18.326
"Com_4006_pos",18.288
"Com_9363_pos",18.241
"Com_25144_pos",18.231
"Com_14221_pos",18.229
"Com_8801_pos",18.214
"Com_5582_pos",18.095
"Com_2034_pos",18.089
"Com_325_pos",18.083
"Com_17438_pos",18.08
"Com_650_pos",18.022
"Com_11724_pos",17.974
"Com_10210_pos",17.953
"Com_15693_pos",17.909
"Com_13195_pos",17.904
"Com_6621_pos",17.797
"Com_22189_pos",17.768
"Com_20742_pos",17.746
"Com_21924_pos",17.726
"Com_8895_pos",17.715
"Com_2971_pos",17.713
"Com_14643_pos",17.662
"Com_21139_pos",17.648
"Com_10606_pos",17.639
"Com_11277_pos",17.627
"Com_10406_pos",17.616
"Com_8516_pos",17.592
"Com_888_pos",17.585
"Com_20459_pos",17.444
"Com_10662_pos",17.44
"Com_8806_pos",17.374
"Com_3689_pos",17.362
"Com_21820_pos",17.319
"Com_9155_pos",17.29
"Com_7908_pos",17.276
"Com_25254_pos",17.262
"Com_4407_pos",17.251
"Com_1012_pos",17.245
"Com_19592_pos",17.234
"Com_16081_pos",17.221
"Com_13897_pos",17.218
"Com_8156_pos",17.207
"Com_21913_pos",17.194
"Com_17006_pos",17.19
"Com_20997_pos",17.176
"Com_24722_pos",17.113
"Com_22975_pos",17.109
"Com_23336_pos",17.081
"Com_16499_pos",17.069
"Com_20168_pos",17.044
"Com_1984_pos",17.001
"Com_20751_pos",16.952
"Com_19701_pos",16.928
"Com_686_pos",16.917
"Com_7723_pos",16.906
"Com_25197_pos",16.862
"Com_4341_pos",16.861
"Com_9403_pos",16.849
"Com_5255_pos",16.845
"Com_19195_pos",16.838
"Com_7442_pos",16.822
"Com_19534_pos",16.801
"Com_15434_pos",16.78
"Com_14553_pos",16.77
"Com_12322_pos",16.756
"Com_3308_pos",16.716
"Com_19933_pos",16.685
"Com_22356_pos",16.652
"Com_296_pos",16.641
"Com_1446_pos",16.627
"Com_4741_pos",16.601
"Com_1972_pos",16.583
"Com_19100_pos",16.574
"Com_1886_pos",16.571
"Com_23195_pos",16.531
"Com_1354_pos",16.415
"Com_16114_pos",16.414
"Com_2149_pos",16.377
"Com_10746_pos",16.369
"Com_16136_pos",16.353
"Com_21835_pos",16.311
"Com_15413_pos",16.242
"Com_17924_pos",16.207
"Com_13187_pos",16.192
"Com_3120_pos",16.186
"Com_320_pos",16.184
"Com_700_pos",16.139
"Com_821_pos",16.121
"Com_22191_pos",16.116
"Com_24270_pos",16.091
"Com_19711_pos",16.06
"Com_13991_pos",16.049
"Com_14466_pos",16.047
"Com_4938_pos",16.032
"Com_13873_pos",15.978
"Com_25380_pos",15.921
"Com_24800_pos",15.92
"Com_22380_pos",15.912
"Com_19346_pos",15.91
"Com_20937_pos",15.896
"Com_9047_pos",15.889
"Com_15550_pos",15.852
"Com_1181_pos",15.848
"Com_4891_pos",15.819
"Com_1764_pos",15.78
"Com_21777_pos",15.73
"Com_3927_pos",15.683
"Com_15883_pos",15.673
"Com_12402_pos",15.639
"Com_21707_pos",15.562
"Com_2664_pos",15.536
"Com_4923_pos",15.509
"Com_12330_pos",15.503
"Com_2434_pos",15.5
"Com_1673_pos",15.496
"Com_9392_pos",15.471
"Com_19461_pos",15.467
"Com_1613_pos",15.456
"Com_25162_pos",15.445
"Com_307_pos",15.419
"Com_23513_pos",15.356
"Com_5922_pos",15.334
"Com_16439_pos",15.333
"Com_22546_pos",15.323
"Com_18452_pos",15.319
"Com_24481_pos",15.294
"Com_14020_pos",15.244
"Com_1430_pos",15.238
"Com_23963_pos",15.222
"Com_13271_pos",15.164
"Com_983_pos",15.13
"Com_4010_pos",15.122
"Com_16095_pos",15.093
"Com_17500_pos",15.005
"Com_1472_pos",14.993
"Com_10241_pos",14.946
"Com_20484_pos",14.945
"Com_11776_pos",14.943
"Com_4774_pos",14.926
"Com_9961_pos",14.893
"Com_4588_pos",14.891
"Com_16077_pos",14.857
"Com_16539_pos",14.841
"Com_23798_pos",14.831
"Com_998_pos",14.788
"Com_22730_pos",14.782
"Com_14863_pos",14.777
"Com_8471_pos",14.776
"Com_988_pos",14.766
"Com_13177_pos",14.731
"Com_581_pos",14.716
"Com_22197_pos",14.682
"Com_3934_pos",14.666
"Com_14602_pos",14.639
"Com_18100_pos",14.605
"Com_3019_pos",14.596
"Com_22377_pos",14.595
"Com_19384_pos",14.579
"Com_23973_pos",14.566
"Com_7606_pos",14.551
"Com_8295_pos",14.534
"Com_22829_pos",14.52
"Com_14215_pos",14.506
"Com_1155_pos",14.471
"Com_23226_pos",14.429
"Com_17981_pos",14.388
"Com_13249_pos",14.362
"Com_10184_pos",14.336
"Com_2055_pos",14.331
"Com_8542_pos",14.328
"Com_24069_pos",14.313
"Com_13907_pos",14.28
"Com_14401_pos",14.267
"Com_18882_pos",14.262
"Com_21802_pos",14.242
"Com_13535_pos",14.216
"Com_14976_pos",14.204
"Com_12549_pos",14.202
"Com_3422_pos",14.196
"Com_21849_pos",14.194
"Com_22429_pos",14.185
"Com_24563_pos",14.168
"Com_24640_pos",14.167
"Com_6502_pos",14.159
"Com_11527_pos",14.159
"Com_12294_pos",14.143
"Com_6723_pos",14.137
"Com_18506_pos",14.132
"Com_10465_pos",14.091
"Com_20389_pos",14.064
"Com_20909_pos",14.057
"Com_131_pos",14.048
"Com_7336_pos",14.016
"Com_21623_pos",14.015
"Com_12087_pos",13.953
"Com_16887_pos",13.927
"Com_16541_pos",13.919
"Com_25322_pos",13.902
"Com_24030_pos",13.894
"Com_15937_pos",13.884
"Com_18014_pos",13.88
"Com_19018_pos",13.859
"Com_5239_pos",13.843
"Com_9337_pos",13.821
"Com_2693_pos",13.818
"Com_21342_pos",13.809
"Com_6774_pos",13.807
"Com_1880_pos",13.803
"Com_21480_pos",13.78
"Com_21316_pos",13.743
"Com_288_pos",13.72
"Com_15330_pos",13.71
"Com_21162_pos",13.705
"Com_24940_pos",13.701
"Com_1242_pos",13.696
"Com_22266_pos",13.696
"Com_23172_pos",13.679
"Com_621_pos",13.65
"Com_14887_pos",13.627
"Com_21373_pos",13.626
"Com_18817_pos",13.605
"Com_6783_pos",13.584
"Com_7005_pos",13.557
"Com_24445_pos",13.556
"Com_6639_pos",13.505
"Com_4451_pos",13.465
"Com_18980_pos",13.411
"Com_16981_pos",13.406
"Com_16702_pos",13.404
"Com_11487_pos",13.398
"Com_21786_pos",13.374
"Com_16935_pos",13.358
"Com_9663_pos",13.351
"Com_7708_pos",13.269
"Com_11236_pos",13.255
"Com_4109_pos",13.235
"Com_16988_pos",13.227
"Com_7949_pos",13.151
"Com_2879_pos",13.149
"Com_4077_pos",13.13
"Com_15995_pos",13.12
"Com_3531_pos",13.057
"Com_15645_pos",13.055
"Com_2931_pos",13.03
"Com_8007_pos",13.023
"Com_8606_pos",13.015
"Com_6654_pos",12.993
"Com_21825_pos",12.981
"Com_2130_pos",12.949
"Com_11304_pos",12.946
"Com_16939_pos",12.924
"Com_2561_pos",12.853
"Com_22655_pos",12.851
"Com_16243_pos",12.836
"Com_16777_pos",12.827
"Com_12312_pos",12.813
"Com_1624_pos",12.813
"Com_19655_pos",12.809
"Com_15537_pos",12.8
"Com_21739_pos",12.798
"Com_10567_pos",12.772
"Com_1698_pos",12.725
"Com_23729_pos",12.719
"Com_14310_pos",12.701
"Com_17369_pos",12.672
"Com_13782_pos",12.668
"Com_227_pos",12.657
"Com_8407_pos",12.648
"Com_1394_pos",12.632
"Com_12341_pos",12.534
"Com_557_pos",12.531
"Com_14699_pos",12.515
"Com_23219_pos",12.511
"Com_16214_pos",12.492
"Com_24313_pos",12.473
"Com_7402_pos",12.453
"Com_22599_pos",12.448
"Com_18623_pos",12.426
"Com_8384_pos",12.401
"Com_23510_pos",12.377
"Com_7991_pos",12.367
"Com_9855_pos",12.356
"Com_2250_pos",12.352
"Com_4662_pos",12.342
"Com_5192_pos",12.339
"Com_20239_pos",12.335
"Com_7000_pos",12.328
"Com_17838_pos",12.312
"Com_932_pos",12.308
"Com_570_pos",12.303
"Com_16951_pos",12.292
"Com_540_pos",12.267
"Com_20888_pos",12.26
"Com_23036_pos",12.241
"Com_893_pos",12.232
"Com_7316_pos",12.212
"Com_22893_pos",12.204
"Com_16686_pos",12.19
"Com_892_pos",12.163
"Com_4457_pos",12.146
"Com_4124_pos",12.13
"Com_1330_pos",12.066
"Com_3863_pos",12.009
"Com_9213_pos",11.964
"Com_14379_pos",11.924
"Com_2738_pos",11.923
"Com_20935_pos",11.883
"Com_7497_pos",11.869
"Com_15417_pos",11.855
"Com_11700_pos",11.815
"Com_1084_pos",11.79
"Com_19161_pos",11.778
"Com_10541_pos",11.773
"Com_11445_pos",11.769
"Com_17608_pos",11.738
"Com_23564_pos",11.717
"Com_23361_pos",11.706
"Com_22403_pos",11.701
"Com_14218_pos",11.668
"Com_17040_pos",11.659
"Com_582_pos",11.604
"Com_18565_pos",11.592
"Com_6480_pos",11.59
"Com_13630_pos",11.572
"Com_17892_pos",11.518
"Com_23491_pos",11.504
"Com_15938_pos",11.41
"Com_7555_pos",11.407
"Com_19004_pos",11.382
"Com_16513_pos",11.378
"Com_7154_pos",11.37
"Com_318_pos",11.338
"Com_698_pos",11.334
"Com_9119_pos",11.331
"Com_24393_pos",11.314
"Com_23435_pos",11.292
"Com_18793_pos",11.276
"Com_23314_pos",11.257
"Com_121_pos",11.234
"Com_585_pos",11.199
"Com_6014_pos",11.195
"Com_1192_pos",11.18
"Com_25229_pos",11.165
"Com_13282_pos",11.156
"Com_16838_pos",11.116
"Com_1130_pos",11.107
"Com_23291_pos",11.093
"Com_2727_pos",11.091
"Com_16786_pos",11.045
"Com_6969_pos",11.019
"Com_7658_pos",10.91
"Com_13060_pos",10.906
"Com_21102_pos",10.877
"Com_7878_pos",10.861
"Com_1292_pos",10.858
"Com_21875_pos",10.844
"Com_9646_pos",10.797
"Com_14219_pos",10.79
"Com_23185_pos",10.785
"Com_15963_pos",10.755
"Com_1881_pos",10.733
"Com_357_pos",10.707
"Com_6229_pos",10.698
"Com_20017_pos",10.68
"Com_15004_pos",10.673
"Com_22274_pos",10.656
"Com_18241_pos",10.622
"Com_5127_pos",10.614
"Com_21343_pos",10.605
"Com_10539_pos",10.533
"Com_24301_pos",10.526
"Com_3476_pos",10.521
"Com_10143_pos",10.52
"Com_17174_pos",10.52
"Com_5609_pos",10.477
"Com_22470_pos",10.462
"Com_1744_pos",10.453
"Com_13116_pos",10.452
"Com_4707_pos",10.444
"Com_21460_pos",10.418
"Com_3232_pos",10.408
"Com_23280_pos",10.349
"Com_15460_pos",10.338
"Com_24070_pos",10.338
"Com_7781_pos",10.334
"Com_16507_pos",10.285
"Com_13021_pos",10.277
"Com_24295_pos",10.271
"Com_3854_pos",10.263
"Com_13308_pos",10.251
"Com_4953_pos",10.243
"Com_22926_pos",10.214
"Com_11144_pos",10.214
"Com_17382_pos",10.173
"Com_839_pos",10.168
"Com_8059_pos",10.166
"Com_20805_pos",10.164
"Com_18360_pos",10.154
"Com_8596_pos",10.148
"Com_191_pos",10.139
"Com_3033_pos",10.127
"Com_5808_pos",10.118
"Com_12851_pos",10.111
"Com_23559_pos",10.08
"Com_3660_pos",10.078
"Com_5201_pos",10.058
"Com_8865_pos",10.04
"Com_1116_pos",10.013
"Com_17677_pos",9.9999
"Com_7313_pos",9.994
"Com_8454_pos",9.9939
"Com_16357_pos",9.9873
"Com_14138_pos",9.9812
"Com_14184_pos",9.9698
"Com_14116_pos",9.9629
"Com_1022_pos",9.9484
"Com_24851_pos",9.9296
"Com_10354_pos",9.882
"Com_1103_pos",9.8817
"Com_11608_pos",9.8788
"Com_8597_pos",9.8751
"Com_2893_pos",9.8564
"Com_10219_pos",9.8535
"Com_22236_pos",9.7797
"Com_21473_pos",9.7246
"Com_18915_pos",9.6983
"Com_942_pos",9.6834
"Com_9915_pos",9.6755
"Com_9815_pos",9.6603
"Com_24171_pos",9.66
"Com_8915_pos",9.6487
"Com_22917_pos",9.6373
"Com_14141_pos",9.6167
"Com_15778_pos",9.5926
"Com_9618_pos",9.5571
"Com_18721_pos",9.5514
"Com_8082_pos",9.5163
"Com_24159_pos",9.4498
"Com_20844_pos",9.4447
"Com_18232_pos",9.4387
"Com_13242_pos",9.4277
"Com_21191_pos",9.3869
"Com_7889_pos",9.3771
"Com_13736_pos",9.3635
"Com_10510_pos",9.3615
"Com_3831_pos",9.3458
"Com_19887_pos",9.3043
"Com_14630_pos",9.3036
"Com_1014_pos",9.2984
"Com_19416_pos",9.2927
"Com_18309_pos",9.2794
"Com_22223_pos",9.2764
"Com_23839_pos",9.2661
"Com_23013_pos",9.2439
"Com_12303_pos",9.2431
"Com_15295_pos",9.2349
"Com_9325_pos",9.2254
"Com_458_pos",9.2196
"Com_194_pos",9.1967
"Com_6786_pos",9.1785
"Com_5644_pos",9.1681
"Com_16765_pos",9.1669
"Com_11538_pos",9.0985
"Com_12620_pos",9.0712
"Com_957_pos",9.0691
"Com_12700_pos",9.0635
"Com_17241_pos",9.0543
"Com_4336_pos",9.0533
"Com_1700_pos",9.0168
"Com_23953_pos",9.003
"Com_23790_pos",9.0001
"Com_2728_pos",8.9316
"Com_23218_pos",8.9099
"Com_3575_pos",8.8906
"Com_1615_pos",8.8761
"Com_12654_pos",8.8259
"Com_19857_pos",8.8168
"Com_23504_pos",8.7691
"Com_66_pos",8.7513
"Com_1551_pos",8.7489
"Com_8445_pos",8.7457
"Com_23615_pos",8.7401
"Com_19510_pos",8.7252
"Com_13732_pos",8.7064
"Com_12752_pos",8.6949
"Com_22814_pos",8.6879
"Com_5403_pos",8.6875
"Com_10109_pos",8.6522
"Com_12044_pos",8.6418
"Com_19369_pos",8.6369
"Com_9188_pos",8.626
"Com_10792_pos",8.6231
"Com_21766_pos",8.6074
"Com_18711_pos",8.5966
"Com_17049_pos",8.5741
"Com_13734_pos",8.5731
"Com_25338_pos",8.5635
"Com_23643_pos",8.557
"Com_6498_pos",8.552
"Com_15899_pos",8.5488
"Com_6451_pos",8.5314
"Com_14528_pos",8.5221
"Com_19194_pos",8.5211
"Com_23103_pos",8.5066
"Com_5834_pos",8.5007
"Com_13577_pos",8.4935
"Com_4811_pos",8.473
"Com_1328_pos",8.4625
"Com_6205_pos",8.4142
"Com_20009_pos",8.4068
"Com_17651_pos",8.4036
"Com_16754_pos",8.4001
"Com_5867_pos",8.3933
"Com_8357_pos",8.3825
"Com_22319_pos",8.3729
"Com_15576_pos",8.3518
"Com_7571_pos",8.2878
"Com_23903_pos",8.284
"Com_7793_pos",8.2712
"Com_2695_pos",8.2695
"Com_15707_pos",8.2298
"Com_19091_pos",8.229
"Com_91_pos",8.2263
"Com_8772_pos",8.1975
"Com_11531_pos",8.1959
"Com_12410_pos",8.1894
"Com_25110_pos",8.1776
"Com_14290_pos",8.1486
"Com_8161_pos",8.1359
"Com_20437_pos",8.1027
"Com_25163_pos",8.0921
"Com_2139_pos",8.0868
"Com_12090_pos",8.0775
"Com_19638_pos",8.0426
"Com_4885_pos",8.0413
"Com_4622_pos",8.0294
"Com_344_pos",7.9935
"Com_16477_pos",7.9574
"Com_24322_pos",7.9491
"Com_21410_pos",7.9395
"Com_13716_pos",7.9361
"Com_13925_pos",7.9353
"Com_24723_pos",7.9306
"Com_17799_pos",7.89
"Com_12845_pos",7.8105
"Com_15921_pos",7.7753
"Com_12886_pos",7.7278
"Com_20012_pos",7.7221
"Com_574_pos",7.7073
"Com_3523_pos",7.6948
"Com_1607_pos",7.6941
"Com_12453_pos",7.6878
"Com_19596_pos",7.6638
"Com_9358_pos",7.6417
"Com_455_pos",7.6405
"Com_24727_pos",7.6334
"Com_2007_pos",7.6092
"Com_25347_pos",7.6064
"Com_21465_pos",7.5901
"Com_1434_pos",7.5812
"Com_13614_pos",7.5763
"Com_18035_pos",7.5372
"Com_11284_pos",7.531
"Com_11781_pos",7.5131
"Com_1688_pos",7.5022
"Com_23210_pos",7.4904
"Com_16249_pos",7.489
"Com_20485_pos",7.4874
"Com_12650_pos",7.4777
"Com_12007_pos",7.4705
"Com_19593_pos",7.4602
"Com_22698_pos",7.4476
"Com_15941_pos",7.3758
"Com_21058_pos",7.3733
"Com_5116_pos",7.3668
"Com_12351_pos",7.2919
"Com_10826_pos",7.2487
"Com_21222_pos",7.2412
"Com_12040_pos",7.2285
"Com_18079_pos",7.2065
"Com_21122_pos",7.1961
"Com_25071_pos",7.195
"Com_24466_pos",7.1874
"Com_9705_pos",7.175
"Com_6034_pos",7.1647
"Com_8517_pos",7.1636
"Com_22465_pos",7.1198
"Com_277_pos",7.1172
"Com_23582_pos",7.0992
"Com_19325_pos",7.0822
"Com_20194_pos",7.0407
"Com_23265_pos",6.9838
"Com_8340_pos",6.9299
"Com_20862_pos",6.8807
"Com_17269_pos",6.8617
"Com_2299_pos",6.8606
"Com_19932_pos",6.834
"Com_15196_pos",6.8167
"Com_4086_pos",6.8058
"Com_14885_pos",6.8047
"Com_20268_pos",6.7853
"Com_23423_pos",6.7708
"Com_3489_pos",6.7649
"Com_6945_pos",6.7643
"Com_5364_pos",6.7364
"Com_14876_pos",6.7312
"Com_24423_pos",6.7191
"Com_19529_pos",6.7026
"Com_1570_pos",6.669
"Com_13286_pos",6.6664
"Com_14637_pos",6.6552
"Com_1660_pos",6.654
"Com_24990_pos",6.647
"Com_8873_pos",6.624
"Com_13276_pos",6.6198
"Com_9030_pos",6.6181
"Com_16483_pos",6.5994
"Com_23266_pos",6.5551
"Com_5128_pos",6.5234
"Com_337_pos",6.5185
"Com_9800_pos",6.5158
"Com_11336_pos",6.5084
"Com_1498_pos",6.4965
"Com_17928_pos",6.478
"Com_4155_pos",6.4705
"Com_12019_pos",6.4282
"Com_23906_pos",6.3999
"Com_12999_pos",6.3965
"Com_5768_pos",6.3932
"Com_16739_pos",6.3558
"Com_14574_pos",6.3436
"Com_23891_pos",6.3364
"Com_24599_pos",6.3177
"Com_22597_pos",6.317
"Com_7240_pos",6.3079
"Com_15832_pos",6.2938
"Com_16417_pos",6.2798
"Com_4851_pos",6.2619
"Com_16814_pos",6.2468
"Com_25261_pos",6.1979
"Com_15258_pos",6.1399
"Com_20612_pos",6.0893
"Com_19583_pos",6.072
"Com_10718_pos",6.0472
"Com_649_pos",6.0226
"Com_2192_pos",6.0211
"Com_4781_pos",6.0162
"Com_14702_pos",5.9805
"Com_6792_pos",5.9716
"Com_308_pos",5.9468
"Com_10806_pos",5.9396
"Com_4581_pos",5.9362
"Com_507_pos",5.917
"Com_10591_pos",5.8801
"Com_9287_pos",5.8706
"Com_18287_pos",5.8254
"Com_2348_pos",5.8124
"Com_18489_pos",5.7958
"Com_10243_pos",5.7758
"Com_12489_pos",5.7622
"Com_24420_pos",5.7461
"Com_6127_pos",5.6648
"Com_14378_pos",5.6537
"Com_2830_pos",5.564
"Com_17139_pos",5.5634
"Com_12772_pos",5.5492
"Com_1380_pos",5.5478
"Com_13839_pos",5.5246
"Com_24511_pos",5.5178
"Com_23820_pos",5.4489
"Com_6339_pos",5.4462
"Com_833_pos",5.4236
"Com_20186_pos",5.4157
"Com_6939_pos",5.4142
"Com_7831_pos",5.4028
"Com_13171_pos",5.3962
"Com_21370_pos",5.3671
"Com_24300_pos",5.3153
"Com_18497_pos",5.3116
"Com_23174_pos",5.2727
"Com_17374_pos",5.255
"Com_7654_pos",5.2429
"Com_24262_pos",5.2413
"Com_23979_pos",5.2179
"Com_10600_pos",5.1988
"Com_65_pos",5.1907
"Com_15338_pos",5.1586
"Com_4749_pos",5.1137
"Com_18169_pos",5.0797
"Com_17919_pos",5.0756
"Com_10580_pos",5.017
"Com_11783_pos",5.0169
"Com_16964_pos",5.0016
"Com_3798_pos",4.994
"Com_24489_pos",4.9731
"Com_20930_pos",4.9694
"Com_19048_pos",4.9439
"Com_20617_pos",4.9286
"Com_10618_pos",4.9019
"Com_15867_pos",4.882
"Com_19914_pos",4.8576
"Com_4505_pos",4.8527
"Com_6982_pos",4.8366
"Com_989_pos",4.8246
"Com_24584_pos",4.7959
"Com_963_pos",4.7949
"Com_15331_pos",4.7896
"Com_23197_pos",4.7878
"Com_1381_pos",4.7814
"Com_23363_pos",4.7599
"Com_10652_pos",4.7236
"Com_16622_pos",4.6961
"Com_24144_pos",4.6835
"Com_12440_pos",4.6741
"Com_4972_pos",4.665
"Com_13030_pos",4.6329
"Com_23137_pos",4.6216
"Com_23354_pos",4.5894
"Com_17412_pos",4.5867
"Com_4474_pos",4.5662
"Com_14983_pos",4.5449
"Com_19314_pos",4.5357
"Com_434_pos",4.5345
"Com_16030_pos",4.5312
"Com_847_pos",4.5233
"Com_6101_pos",4.5019
"Com_20640_pos",4.4348
"Com_12254_pos",4.4279
"Com_7771_pos",4.4239
"Com_19522_pos",4.3861
"Com_15641_pos",4.3108
"Com_13880_pos",4.278
"Com_22772_pos",4.2714
"Com_2535_pos",4.2706
"Com_1944_pos",4.2437
"Com_16698_pos",4.2111
"Com_2104_pos",4.2085
"Com_23741_pos",4.2017
"Com_21804_pos",4.1663
"Com_24860_pos",4.1553
"Com_9017_pos",4.1422
"Com_808_pos",4.1375
"Com_14025_pos",4.1358
"Com_14742_pos",4.1099
"Com_903_pos",4.0975
"Com_16435_pos",4.0904
"Com_25090_pos",4.0716
"Com_5807_pos",4.0529
"Com_24579_pos",4.0118
"Com_6745_pos",4.0084
"Com_7379_pos",3.9803
"Com_9205_pos",3.9699
"Com_23619_pos",3.9605
"Com_10299_pos",3.9186
"Com_6703_pos",3.9133
"Com_24259_pos",3.8799
"Com_6405_pos",3.8779
"Com_773_pos",3.8396
"Com_17303_pos",3.8389
"Com_23851_pos",3.8233
"Com_19931_pos",3.8135
"Com_16897_pos",3.8076
"Com_8451_pos",3.7858
"Com_8718_pos",3.7403
"Com_9033_pos",3.7362
"Com_20413_pos",3.7262
"Com_20982_pos",3.7146
"Com_8001_pos",3.6884
"Com_20470_pos",3.6713
"Com_13093_pos",3.6115
"Com_25192_pos",3.6048
"Com_23470_pos",3.5986
"Com_2204_pos",3.5443
"Com_18413_pos",3.5313
"Com_13210_pos",3.5118
"Com_21067_pos",3.4934
"Com_14145_pos",3.468
"Com_22291_pos",3.4461
"Com_24595_pos",3.4187
"Com_12290_pos",3.3857
"Com_4094_pos",3.3797
"Com_19681_pos",3.359
"Com_21045_pos",3.3519
"Com_1236_pos",3.3403
"Com_358_pos",3.3173
"Com_16756_pos",3.271
"Com_10132_pos",3.1129
"Com_7800_pos",3.1111
"Com_21932_pos",3.1049
"Com_18120_pos",3.0824
"Com_22887_pos",3.0783
"Com_4675_pos",3.0721
"Com_20014_pos",3.0564
"Com_16569_pos",3.0233
"Com_20258_pos",3.0105
"Com_5597_pos",2.9877
"Com_11072_pos",2.9316
"Com_102_pos",2.9053
"Com_19564_pos",2.7911
"Com_20725_pos",2.7842
"Com_12472_pos",2.6959
"Com_2774_pos",2.6443
"Com_12000_pos",2.629
"Com_631_pos",2.6263
"Com_14622_pos",2.5539
"Com_13832_pos",2.546
"Com_19427_pos",2.4383
"Com_18947_pos",2.4284
"Com_10450_pos",2.4268
"Com_19105_pos",2.3566
"Com_25352_pos",2.3516
"Com_9273_pos",2.2903
"Com_1297_pos",2.1679
"Com_3578_pos",2.1193
"Com_23171_pos",2.1122
"Com_10114_pos",2.1036
"Com_8436_pos",2.099
"Com_18162_pos",2.0864
"Com_16791_pos",2.041
"Com_23818_pos",1.9989
"Com_15958_pos",1.9775
"Com_25234_pos",1.9538
"Com_24995_pos",1.9062
"Com_1887_pos",1.9061
"Com_7064_pos",1.8566
"Com_12495_pos",1.7465
"Com_13754_pos",1.7279
"Com_20932_pos",1.688
"Com_9404_pos",1.6282
"Com_18195_pos",1.619
"Com_6003_pos",1.6121
"Com_11016_pos",1.5491
"Com_8148_pos",1.402
"Com_14458_pos",1.3908
"Com_920_pos",1.3582
"Com_6842_pos",1.2346
"Com_1216_pos",1.2118
"Com_1552_pos",1.1977
"Com_5648_pos",1.1432
"Com_4740_pos",1.1334
"Com_11340_pos",1.082
"Com_7088_pos",1.033
"Com_3270_pos",1.0152
"Com_6808_pos",0.88492
"Com_21035_pos",0.77817
"Com_20895_pos",0.77677
"Com_3077_pos",0.6539
"Com_2940_pos",0.62379
"Com_23077_pos",0.35114
"Com_21092_pos",0.14386
"Com_5125_pos",0
